{"acc": 0.8532644589629325, "loss": 0.18633637987802298, "_timestamp": 1686546430.4010634, "_runtime": 2.7024965286254883, "_step": 7, "_wandb": {"runtime": 0}}