{"acc": 0.816071964259124, "loss": 0.22475956151681079, "_timestamp": 1685969158.0713422, "_runtime": 1.4004533290863037, "_step": 7, "_wandb": {"runtime": 0}}